City_ID,City,Country,Date,Lat,Lng,Max Temp,Humidity,Cloudiness,Wind Speed,Current Description,Rain inches (last 3 hours),Snow inches (last 3 hours)
0,Bethel,US,2021-10-06 20:19:57,41.3712,-73.414,70.48,79,90,3.44,overcast clouds,0,0
1,Rajanpur,PK,2021-10-06 20:15:28,29.1035,70.325,89.33,31,0,5.57,clear sky,0,0
2,Korla,CN,2021-10-06 20:20:01,41.7597,86.1469,58.42,32,100,4.12,overcast clouds,0,0
3,Jamestown,US,2021-10-06 20:17:00,42.097,-79.2353,78.03,64,20,7.0,few clouds,0,0
4,Bluff,NZ,2021-10-06 20:20:03,-46.6,168.3333,50.81,93,69,4.43,broken clouds,0,0
5,Kahta,TR,2021-10-06 20:20:04,37.7855,38.6237,58.37,33,0,5.03,clear sky,0,0
6,Nemuro,JP,2021-10-06 20:20:04,43.3236,145.575,51.19,63,100,8.9,overcast clouds,0,0
7,Qaqortoq,GL,2021-10-06 20:20:05,60.7167,-46.0333,45.1,55,100,7.9,overcast clouds,0,0
8,Beisfjord,NO,2021-10-06 20:20:06,68.3751,17.5988,48.04,94,100,4.27,overcast clouds,0,0
9,Esqueda,MX,2021-10-06 20:20:07,30.7167,-109.5833,83.8,20,0,12.35,clear sky,0,0
10,Providencia,MX,2021-10-06 20:20:09,28.7167,-111.5833,98.65,29,0,1.99,clear sky,0,0
11,Punta Arenas,CL,2021-10-06 20:20:14,-53.15,-70.9167,48.22,81,75,26.46,light intensity shower rain,0,0
12,Dauphin,CA,2021-10-06 20:20:14,51.1494,-100.0502,78.94,29,1,14.97,clear sky,0,0
13,Tuktoyaktuk,CA,2021-10-06 20:19:58,69.4541,-133.0374,35.6,69,20,12.66,few clouds,0,0
14,Hermanus,ZA,2021-10-06 20:20:15,-34.4187,19.2345,61.81,85,2,17.02,clear sky,0,0
15,Mar Del Plata,AR,2021-10-06 20:20:15,-38.0023,-57.5575,55.09,62,40,11.99,scattered clouds,0,0
16,Vaini,TO,2021-10-06 20:20:16,-21.2,-175.2,78.96,83,75,8.05,broken clouds,0,0
17,Mataura,NZ,2021-10-06 20:20:16,-46.1927,168.8643,51.48,83,36,2.24,scattered clouds,0,0
18,Adrar,MR,2021-10-06 20:20:16,20.5022,-10.0711,95.23,15,66,8.19,broken clouds,0,0
19,Mahebourg,MU,2021-10-06 20:20:17,-20.4081,57.7,69.26,94,75,3.44,light intensity shower rain,0,0
20,Kaitangata,NZ,2021-10-06 20:20:17,-46.2817,169.8464,51.13,88,100,1.81,overcast clouds,0,0
21,Pinehurst,US,2021-10-06 20:20:18,35.1954,-79.4695,84.96,64,40,9.22,scattered clouds,0,0
22,Grindavik,IS,2021-10-06 20:20:19,63.8424,-22.4338,44.55,70,75,21.85,broken clouds,0,0
23,Puerto Ayora,EC,2021-10-06 20:20:19,-0.7393,-90.3518,76.96,88,92,7.0,overcast clouds,0,0
24,Talnakh,RU,2021-10-06 20:20:20,69.4865,88.3972,35.26,100,100,5.35,light rain,0,0
25,New Norfolk,AU,2021-10-06 20:20:20,-42.7826,147.0587,47.7,70,100,3.0,moderate rain,0,0
26,Port Elizabeth,ZA,2021-10-06 20:15:39,-33.918,25.5701,64.09,88,40,10.36,scattered clouds,0,0
27,Busselton,AU,2021-10-06 20:20:22,-33.65,115.3333,51.04,72,100,6.42,overcast clouds,0,0
28,Saint-Philippe,RE,2021-10-06 20:20:23,-21.3585,55.7679,69.39,81,36,2.66,scattered clouds,0,0
29,Vila Franca Do Campo,PT,2021-10-06 20:20:24,37.7167,-25.4333,73.81,93,100,13.02,overcast clouds,0,0
30,Plettenberg Bay,ZA,2021-10-06 20:20:25,-34.0527,23.3716,60.66,92,31,7.81,scattered clouds,0,0
31,Barrow,US,2021-10-06 20:19:11,71.2906,-156.7887,32.02,86,90,10.36,overcast clouds,0,0
32,Hay River,CA,2021-10-06 20:20:25,60.8156,-115.7999,37.38,93,90,4.61,light rain,0,0
33,Cherskiy,RU,2021-10-06 20:20:26,68.75,161.3,9.18,97,98,6.55,overcast clouds,0,0
34,Georgetown,MY,2021-10-06 20:19:37,5.4112,100.3354,76.95,89,40,1.14,scattered clouds,0,0
35,Ushuaia,AR,2021-10-06 20:15:54,-54.8,-68.3,51.42,53,75,17.27,broken clouds,0,0
36,San Patricio,US,2021-10-06 20:20:26,28.017,-97.5169,90.07,33,0,4.03,clear sky,0,0
37,Novyy Urengoy,RU,2021-10-06 20:20:28,66.0833,76.6333,43.38,82,99,24.56,overcast clouds,0,0
38,Griffith,US,2021-10-06 20:16:41,41.5284,-87.4237,72.09,86,90,1.99,mist,0,0
39,Sorland,NO,2021-10-06 20:20:28,67.667,12.6934,42.87,73,100,22.28,overcast clouds,0,0
40,Teahupoo,PF,2021-10-06 20:20:29,-17.8333,-149.2667,75.16,78,66,11.01,broken clouds,0,0
41,Kodiak,US,2021-10-06 20:20:30,57.79,-152.4072,47.71,87,90,3.44,light rain,0,0
42,Arraial Do Cabo,BR,2021-10-06 20:20:30,-22.9661,-42.0278,73.36,78,75,14.97,broken clouds,0,0
43,Carnarvon,AU,2021-10-06 20:20:30,-24.8667,113.6333,60.87,72,0,13.8,clear sky,0,0
44,Saskylakh,RU,2021-10-06 20:20:31,71.9167,114.0833,25.72,97,100,8.95,light snow,0,0
45,Bengkulu,ID,2021-10-06 20:20:31,-3.8004,102.2655,73.6,94,100,2.66,overcast clouds,0,0
46,Kununurra,AU,2021-10-06 20:20:32,-15.7667,128.7333,75.18,83,69,0.0,broken clouds,0,0
47,Albany,US,2021-10-06 20:18:24,42.6001,-73.9662,71.15,71,60,2.71,broken clouds,0,0
48,Nakamura,JP,2021-10-06 20:20:33,32.9833,132.9333,64.72,78,0,3.04,clear sky,0,0
49,Nikolskoye,RU,2021-10-06 20:20:34,59.7035,30.7861,52.88,66,3,11.86,clear sky,0,0
50,Rikitea,PF,2021-10-06 20:20:34,-23.1203,-134.9692,73.92,79,99,18.92,overcast clouds,0,0
51,Cayenne,GF,2021-10-06 20:20:35,4.9333,-52.3333,84.24,83,0,3.0,clear sky,0,0
52,Khatanga,RU,2021-10-06 20:20:37,71.9667,102.5,21.36,96,100,9.01,overcast clouds,0,0
53,Esperance,AU,2021-10-06 20:20:37,-33.8667,121.9,47.93,75,77,10.4,broken clouds,0,0
54,Port Alfred,ZA,2021-10-06 20:20:38,-33.5906,26.891,65.16,84,29,22.57,scattered clouds,0,0
55,Boguchany,RU,2021-10-06 20:20:38,58.3814,97.4531,28.17,85,75,5.37,broken clouds,0,0
56,Bredasdorp,ZA,2021-10-06 20:20:38,-34.5322,20.0403,61.29,93,11,14.83,few clouds,0,0
57,College,US,2021-10-06 20:20:39,64.8569,-147.8028,42.22,72,75,5.75,broken clouds,0,0
58,Vila Velha,BR,2021-10-06 20:20:39,-20.3297,-40.2925,75.15,83,40,8.05,scattered clouds,0,0
59,Komsomolskiy,UZ,2021-10-06 20:20:39,40.4272,71.7189,51.22,76,53,4.61,broken clouds,0,0
60,Yellowknife,CA,2021-10-06 20:20:40,62.456,-114.3525,40.41,94,90,5.01,overcast clouds,0,0
61,Egvekinot,RU,2021-10-06 20:20:40,66.3167,-179.1667,25.95,85,100,16.35,overcast clouds,0,0
62,Waddan,LY,2021-10-06 20:20:40,29.1614,16.139,75.27,30,0,7.83,clear sky,0,0
63,Asheville,US,2021-10-06 20:17:18,35.6009,-82.554,72.27,86,90,1.01,overcast clouds,0,0
64,East London,ZA,2021-10-06 20:20:37,-33.0153,27.9116,66.4,81,84,17.94,light rain,0,0
65,Tuatapere,NZ,2021-10-06 20:19:53,-46.1333,167.6833,50.83,82,100,5.14,overcast clouds,0,0
66,Killam,CA,2021-10-06 20:20:42,52.7834,-111.8518,49.95,50,100,12.66,overcast clouds,0,0
67,Airai,TL,2021-10-06 20:20:48,-8.9266,125.4092,57.87,76,20,2.35,few clouds,0,0
68,Assiniboia,CA,2021-10-06 20:20:49,49.6334,-105.9845,76.82,16,100,10.36,overcast clouds,0,0
69,Dikson,RU,2021-10-06 20:20:49,73.5069,80.5464,31.32,83,100,9.06,overcast clouds,0,0
70,Altay,CN,2021-10-06 20:20:49,47.8667,88.1167,26.35,65,2,3.98,clear sky,0,0
71,Lompoc,US,2021-10-06 20:20:50,34.6391,-120.4579,79.7,63,1,0.0,clear sky,0,0
72,Tasiilaq,GL,2021-10-06 20:20:50,65.6145,-37.6368,33.96,64,0,5.14,clear sky,0,0
73,Balykshi,KZ,2021-10-06 20:20:51,47.0667,51.8667,33.8,44,0,8.95,clear sky,0,0
74,Cape Town,ZA,2021-10-06 20:20:51,-33.9258,18.4232,65.88,56,0,4.0,clear sky,0,0
75,Pedernales,DO,2021-10-06 20:20:51,18.0384,-71.744,88.29,57,99,6.96,overcast clouds,0,0
76,Longyearbyen,SJ,2021-10-06 20:20:52,78.2186,15.6401,35.44,69,75,12.66,light rain,0,0
77,Bafilo,TG,2021-10-06 20:20:52,9.35,1.2667,73.06,83,9,4.5,clear sky,0,0
78,Hilo,US,2021-10-06 20:17:52,19.7297,-155.09,83.28,78,40,11.5,moderate rain,0,0
79,Norman Wells,CA,2021-10-06 20:20:53,65.282,-126.8329,30.24,86,20,9.22,few clouds,0,0
80,Shingu,JP,2021-10-06 20:20:53,33.7333,135.9833,69.85,88,59,6.2,broken clouds,0,0
81,Castro,BR,2021-10-06 20:20:54,-24.7911,-50.0119,73.0,81,95,4.54,overcast clouds,0,0
82,Lugovoy,KZ,2021-10-06 20:20:54,42.9472,72.7644,37.15,92,100,5.39,moderate rain,0,0
83,Bairiki,KI,2021-10-06 20:20:54,1.3292,172.9752,82.4,69,40,11.5,scattered clouds,0,0
84,Atuona,PF,2021-10-06 20:20:54,-9.8,-139.0333,78.42,79,14,22.66,few clouds,0,0
85,Tinsukia,IN,2021-10-06 20:20:55,27.5,95.3667,71.98,92,0,1.92,clear sky,0,0
86,Klaksvik,FO,2021-10-06 20:20:55,62.2266,-6.589,45.52,77,100,16.31,overcast clouds,0,0
87,Nanortalik,GL,2021-10-06 20:20:55,60.1432,-45.2371,39.99,63,96,3.4,overcast clouds,0,0
88,Wanning,CN,2021-10-06 20:20:56,18.8003,110.3967,80.17,90,100,17.67,moderate rain,0,0
89,Broome,US,2021-10-06 20:20:57,42.2506,-75.833,74.17,67,75,1.01,broken clouds,0,0
90,Rawson,AR,2021-10-06 20:20:50,-43.3002,-65.1023,59.81,20,0,11.72,clear sky,0,0
91,Hasaki,JP,2021-10-06 20:20:58,35.7333,140.8333,66.6,71,100,10.96,overcast clouds,0,0
92,Jiwani,PK,2021-10-06 20:20:58,25.05,61.7417,80.51,81,0,7.16,clear sky,0,0
93,Bandipur,NP,2021-10-06 20:20:59,27.9333,84.4167,63.45,93,1,2.59,clear sky,0,0
94,Tiksi,RU,2021-10-06 20:20:59,71.6872,128.8694,24.28,94,100,5.73,light snow,0,0
95,Hirara,JP,2021-10-06 20:20:59,24.8,125.2833,82.45,79,92,13.35,overcast clouds,0,0
96,Ostrovnoy,RU,2021-10-06 20:21:00,68.0531,39.5131,47.53,88,99,20.56,overcast clouds,0,0
97,Kathmandu,NP,2021-10-06 20:18:34,27.7167,85.3167,68.22,94,75,2.3,broken clouds,0,0
98,Severo-Kurilsk,RU,2021-10-06 20:21:00,50.6789,156.125,42.98,76,66,10.42,broken clouds,0,0
99,Bambous Virieux,MU,2021-10-06 20:21:00,-20.3428,57.7575,69.22,94,75,3.44,light intensity shower rain,0,0
100,Labuhan,ID,2021-10-06 20:21:01,-6.8844,112.2051,76.6,71,100,13.22,overcast clouds,0,0
101,Aklavik,CA,2021-10-06 20:21:01,68.2191,-135.0107,38.23,77,100,8.81,overcast clouds,0,0
102,Teya,RU,2021-10-06 20:21:02,60.3778,92.6267,32.34,95,100,8.7,snow,0,0
103,Kemijarvi,FI,2021-10-06 20:21:03,66.7131,27.4306,46.78,96,100,7.0,light rain,0,0
104,Barao De Melgaco,BR,2021-10-06 20:21:03,-16.1944,-55.9675,99.12,25,64,3.91,broken clouds,0,0
105,Omboue,GA,2021-10-06 20:21:04,-1.5746,9.2618,76.03,78,99,8.5,overcast clouds,0,0
106,Arlit,NE,2021-10-06 20:21:04,18.7369,7.3853,87.75,13,0,14.47,clear sky,0,0
107,Surt,LY,2021-10-06 20:21:05,31.2089,16.5887,74.35,60,0,13.35,clear sky,0,0
108,Soe,ID,2021-10-06 20:21:05,-9.8607,124.284,63.36,85,45,3.24,scattered clouds,0,0
109,Milton,US,2021-10-06 20:17:50,34.1322,-84.3007,77.54,83,69,1.99,broken clouds,0,0
110,Lima,PE,2021-10-06 20:21:06,-12.0432,-77.0282,67.14,92,20,11.5,few clouds,0,0
111,Sehithwa,BW,2021-10-06 20:21:06,-20.4667,22.7167,79.93,40,74,10.56,broken clouds,0,0
112,Anloga,GH,2021-10-06 20:21:07,5.7947,0.8973,78.87,84,100,15.97,overcast clouds,0,0
113,Butaritari,KI,2021-10-06 20:21:07,3.0707,172.7902,81.72,70,88,16.2,overcast clouds,0,0
114,Constitucion,CL,2021-10-06 20:21:07,-35.3333,-72.4167,61.09,53,0,10.56,clear sky,0,0
115,Marsa Matruh,EG,2021-10-06 20:21:08,31.3525,27.2453,71.47,65,0,15.64,clear sky,0,0
116,Pevek,RU,2021-10-06 20:21:08,69.7008,170.3133,26.38,77,100,13.44,overcast clouds,0,0
117,Jhudo,PK,2021-10-06 20:21:08,24.964,69.2968,84.11,59,97,9.91,overcast clouds,0,0
118,Yar-Sale,RU,2021-10-06 20:21:09,66.8333,70.8333,43.77,83,100,22.12,overcast clouds,0,0
119,North Bend,US,2021-10-06 20:21:09,43.4065,-124.2243,61.25,76,40,10.36,scattered clouds,0,0
120,Thompson,CA,2021-10-06 20:18:55,55.7435,-97.8558,55.56,50,75,4.61,broken clouds,0,0
121,Berlevag,NO,2021-10-06 20:21:10,70.8578,29.0864,42.75,81,75,4.61,broken clouds,0,0
122,Havre De Grace,US,2021-10-06 20:16:52,39.5493,-76.0916,74.84,79,75,9.22,broken clouds,0,0
123,Grand Gaube,MU,2021-10-06 20:21:10,-20.0064,57.6608,69.39,79,2,4.74,light rain,0,0
124,Mogadishu,SO,2021-10-06 20:21:11,2.0371,45.3438,77.97,84,98,18.23,overcast clouds,0,0
125,Voyvozh,RU,2021-10-06 20:21:11,62.892,54.9635,38.44,90,24,7.9,few clouds,0,0
126,Biak,ID,2021-10-06 20:21:12,-0.9131,122.8766,74.64,82,90,3.78,overcast clouds,0,0
127,Swakopmund,NA,2021-10-06 20:21:12,-22.6833,14.5333,55.98,84,57,3.0,broken clouds,0,0
128,Kahului,US,2021-10-06 20:20:04,20.8947,-156.47,84.22,65,40,20.71,scattered clouds,0,0
129,Hami,CN,2021-10-06 20:20:29,42.8,93.45,55.51,27,100,8.48,overcast clouds,0,0
130,Qaanaaq,GL,2021-10-06 20:21:13,77.484,-69.3632,21.16,66,0,8.52,clear sky,0,0
131,Torbay,CA,2021-10-06 20:21:14,47.6666,-52.7314,61.27,65,90,11.5,overcast clouds,0,0
132,Bambanglipuro,ID,2021-10-06 20:21:14,-7.95,110.2833,74.57,76,81,4.94,broken clouds,0,0
133,Hobart,AU,2021-10-06 20:21:15,-42.8794,147.3294,48.06,76,90,1.99,overcast clouds,0,0
134,Bontang,ID,2021-10-06 20:21:15,0.1333,117.5,76.35,92,90,6.53,overcast clouds,0,0
135,Balkanabat,TM,2021-10-06 20:21:15,39.5108,54.3671,59.47,21,90,15.01,overcast clouds,0,0
136,Yulara,AU,2021-10-06 20:21:16,-25.2406,130.9889,60.64,51,0,14.97,clear sky,0,0
137,Tefe,BR,2021-10-06 20:21:16,-3.3542,-64.7114,91.51,62,20,3.36,few clouds,0,0
138,Athens,GR,2021-10-06 20:20:44,37.9795,23.7162,65.16,60,0,8.99,clear sky,0,0
139,Victoria,HK,2021-10-06 20:21:18,22.2855,114.1577,86.38,77,3,1.01,clear sky,0,0
140,Cordoba,AR,2021-10-06 20:19:07,-31.4135,-64.1811,67.42,27,0,8.99,clear sky,0,0
141,Leningradskiy,RU,2021-10-06 20:21:18,69.3833,178.4167,27.99,98,100,6.26,light snow,0,0
142,Clearlake,US,2021-10-06 20:21:18,38.9582,-122.6264,70.18,51,100,4.23,overcast clouds,0,0
143,Westport,US,2021-10-06 20:19:02,41.1415,-73.3579,72.46,66,90,5.01,overcast clouds,0,0
144,La Criba,HN,2021-10-06 20:21:20,13.4536,-87.4133,96.89,57,82,1.57,broken clouds,0,0
145,Walvis Bay,NA,2021-10-06 20:21:20,-22.9575,14.5053,56.08,82,12,5.75,few clouds,0,0
146,Awjilah,LY,2021-10-06 20:21:21,29.1081,21.2869,72.81,35,0,8.25,clear sky,0,0
147,Sinnamary,GF,2021-10-06 20:21:21,5.3833,-52.95,82.44,78,100,8.3,overcast clouds,0,0
148,Itoman,JP,2021-10-06 20:21:21,26.1247,127.6694,78.82,89,20,4.61,few clouds,0,0
149,Belfast,GB,2021-10-06 20:21:12,54.5833,-5.9333,58.48,96,90,8.05,overcast clouds,0,0
150,Smoky Lake,CA,2021-10-06 20:21:24,54.1169,-112.4686,51.49,57,100,10.36,overcast clouds,0,0
151,Neuquen,AR,2021-10-06 20:18:13,-38.9516,-68.0591,60.69,27,0,5.75,clear sky,0,0
152,Gonbad-E Qabus,IR,2021-10-06 20:21:26,37.25,55.1672,66.15,78,100,5.64,overcast clouds,0,0
153,Codrington,AU,2021-10-06 20:21:28,-38.2667,141.9667,44.74,77,23,9.93,few clouds,0,0
154,Sabha,LY,2021-10-06 20:21:28,27.0377,14.4283,76.53,25,0,8.63,clear sky,0,0
155,Nassau,US,2021-10-06 20:20:05,40.7507,-73.5829,72.0,69,90,6.91,overcast clouds,0,0
156,Polunochnoye,RU,2021-10-06 20:21:29,60.8697,60.4153,34.05,91,93,5.3,overcast clouds,0,0
157,Chapais,CA,2021-10-06 20:21:29,49.7834,-74.8492,69.58,49,91,4.92,overcast clouds,0,0
158,Serowe,BW,2021-10-06 20:21:30,-22.3833,26.7167,73.0,44,70,11.43,broken clouds,0,0
159,Mengcheng,CN,2021-10-06 20:21:31,33.2579,116.5655,56.75,90,42,10.42,light rain,0,0
160,Nevelsk,RU,2021-10-06 20:21:31,46.6733,141.8633,30.63,69,100,4.23,overcast clouds,0,0
161,Ancud,CL,2021-10-06 20:21:32,-41.8697,-73.8203,56.73,52,0,5.73,clear sky,0,0
162,Faya,SA,2021-10-06 20:21:32,18.3851,42.4509,66.31,35,42,10.13,scattered clouds,0,0
163,Oranjemund,NA,2021-10-06 20:21:33,-28.55,16.4333,61.32,63,0,3.53,clear sky,0,0
164,Okha,RU,2021-10-06 20:21:33,53.5739,142.9478,39.61,79,100,11.54,light rain,0,0
165,Bealanana,MG,2021-10-06 20:21:33,-14.55,48.7333,60.35,90,98,0.89,overcast clouds,0,0
166,Jau,BR,2021-10-06 20:21:34,-22.2964,-48.5578,94.23,37,66,3.85,broken clouds,0,0
167,Ixtapa,MX,2021-10-06 20:21:34,20.7,-105.2,89.22,66,20,6.91,few clouds,0,0
168,Makinsk,KZ,2021-10-06 20:21:35,52.6292,70.4169,25.77,91,52,7.18,broken clouds,0,0
169,Mana,GF,2021-10-06 20:21:35,5.6592,-53.7767,81.68,82,100,7.83,heavy intensity rain,0,0
170,Chuy,UY,2021-10-06 20:21:36,-33.6971,-53.4616,55.33,64,63,17.69,broken clouds,0,0
171,Tabas,IR,2021-10-06 20:21:36,33.5959,56.9244,79.14,15,2,3.71,clear sky,0,0
172,Vozhega,RU,2021-10-06 20:19:15,60.4725,40.2213,40.17,93,10,6.2,clear sky,0,0
173,Dehloran,IR,2021-10-06 20:21:37,32.6941,47.2679,83.91,18,0,2.95,clear sky,0,0
174,Petropavlovsk-Kamchatskiy,RU,2021-10-06 20:21:37,53.0452,158.6483,23.59,74,20,8.95,few clouds,0,0
175,Fergus Falls,US,2021-10-06 20:21:37,46.283,-96.0776,76.26,57,1,7.0,clear sky,0,0
176,Meulaboh,ID,2021-10-06 20:21:38,4.1363,96.1285,76.95,87,100,7.2,overcast clouds,0,0
177,Kapaa,US,2021-10-06 20:21:38,22.0752,-159.319,82.72,69,75,4.0,light rain,0,0
178,Ust-Maya,RU,2021-10-06 20:21:38,60.4167,134.5333,26.01,94,63,4.5,broken clouds,0,0
179,Amahai,ID,2021-10-06 20:21:39,-3.3333,128.9167,76.95,87,100,1.79,moderate rain,0,0
180,Burnie,AU,2021-10-06 20:21:39,-41.0667,145.9167,45.95,74,82,16.53,broken clouds,0,0
181,Chicama,PE,2021-10-06 20:21:40,-7.8447,-79.1469,63.14,63,16,11.03,few clouds,0,0
182,Bundaberg,AU,2021-10-06 20:21:40,-24.85,152.35,64.22,83,1,1.01,clear sky,0,0
183,Portland,US,2021-10-06 20:18:34,45.5234,-122.6762,62.74,70,75,1.01,broken clouds,0,0
184,Narsaq,GL,2021-10-06 20:21:41,60.9167,-46.05,44.82,55,100,8.25,overcast clouds,0,0
185,Lavrentiya,RU,2021-10-06 20:21:37,65.5833,-171.0,36.3,99,100,8.9,light rain,0,0
186,Gisborne,NZ,2021-10-06 20:21:42,-38.6533,178.0042,57.94,85,100,2.86,moderate rain,0,0
187,Touros,BR,2021-10-06 20:20:08,-5.1989,-35.4608,83.3,75,75,17.54,broken clouds,0,0
188,Yerbogachen,RU,2021-10-06 20:20:05,61.2767,108.0108,27.1,92,100,13.02,light snow,0,0
189,Sobolevo,RU,2021-10-06 20:21:43,54.4299,31.8996,40.51,76,2,8.97,clear sky,0,0
190,Juneau,US,2021-10-06 20:21:43,58.3019,-134.4197,45.84,82,1,0.0,clear sky,0,0
191,Nouadhibou,MR,2021-10-06 20:21:43,20.931,-17.0347,71.58,78,0,17.27,clear sky,0,0
192,Moose Factory,CA,2021-10-06 20:21:44,51.2585,-80.6094,71.6,49,1,9.22,clear sky,0,0
193,Junction City,US,2021-10-06 20:21:43,39.0286,-96.8314,75.61,58,90,3.0,overcast clouds,0,0
194,Asfi,MA,2021-10-06 20:21:44,32.2994,-9.2372,70.63,75,100,7.61,overcast clouds,0,0
195,Okhotsk,RU,2021-10-06 20:21:44,59.3833,143.3,24.73,71,44,15.23,scattered clouds,0,0
196,Saint Anthony,US,2021-10-06 20:21:45,45.0205,-93.218,75.13,68,75,3.0,broken clouds,0,0
197,Iqaluit,CA,2021-10-06 20:21:45,63.7506,-68.5145,42.53,70,75,10.0,broken clouds,0,0
198,Alizai,PK,2021-10-06 20:21:47,33.5383,70.3462,74.59,48,0,3.29,clear sky,0,0
199,Kushiro,JP,2021-10-06 20:17:17,42.975,144.3747,44.65,75,93,4.21,overcast clouds,0,0
200,Dzerzhinsk,RU,2021-10-06 20:21:47,56.2389,43.4631,30.02,93,60,0.0,fog,0,0
201,Luangwa,ZM,2021-10-06 20:21:48,-15.6167,30.4167,79.72,39,0,4.36,clear sky,0,0
202,San Cristobal,VE,2021-10-06 20:21:49,7.7669,-72.225,82.58,58,62,6.42,broken clouds,0,0
203,Guerrero Negro,MX,2021-10-06 20:21:51,27.9769,-114.0611,76.55,55,54,16.73,broken clouds,0,0
204,Camacha,PT,2021-10-06 20:21:53,33.0833,-16.3333,69.22,73,20,9.22,few clouds,0,0
205,Morondava,MG,2021-10-06 20:21:54,-20.2833,44.2833,76.44,57,0,18.57,clear sky,0,0
206,La Ronge,CA,2021-10-06 20:21:56,55.1001,-105.2842,55.65,50,40,5.75,smoke,0,0
207,Gravdal,NO,2021-10-06 20:21:59,68.1214,13.5031,46.08,93,40,18.41,scattered clouds,0,0
208,Lorengau,PG,2021-10-06 20:21:59,-2.0226,147.2712,78.3,84,88,4.23,overcast clouds,0,0
209,Te Anau,NZ,2021-10-06 20:22:00,-45.4167,167.7167,45.46,90,89,1.86,overcast clouds,0,0
210,Acarau,BR,2021-10-06 20:22:00,-2.8856,-40.12,82.06,74,83,19.53,broken clouds,0,0
211,Sambava,MG,2021-10-06 20:22:02,-14.2667,50.1667,70.2,79,81,4.52,broken clouds,0,0
212,Yarada,IN,2021-10-06 20:22:03,17.65,83.2667,82.72,89,20,2.3,few clouds,0,0
213,Gao,ML,2021-10-06 20:22:11,16.6362,1.637,93.81,12,0,10.6,clear sky,0,0
214,Turan,VN,2021-10-06 20:22:12,16.0678,108.2208,77.05,94,75,2.3,moderate rain,0,0
215,Inuvik,CA,2021-10-06 20:22:12,68.3499,-133.7218,38.26,60,20,8.05,few clouds,0,0
216,Harper,LR,2021-10-06 20:22:12,4.375,-7.7169,78.26,86,38,7.9,scattered clouds,0,0
217,Halifax,CA,2021-10-06 20:19:55,44.6453,-63.5724,71.01,50,40,6.91,scattered clouds,0,0
218,Pemberton,CA,2021-10-06 20:18:55,50.3164,-122.8027,49.69,98,100,1.57,overcast clouds,0,0
219,Kralendijk,BQ,2021-10-06 20:22:14,12.15,-68.2667,87.78,62,20,20.71,few clouds,0,0
220,Fortuna,US,2021-10-06 20:22:14,40.5982,-124.1573,66.42,55,1,5.01,clear sky,0,0
221,Kurilsk,RU,2021-10-06 20:22:15,45.2333,147.8833,47.34,63,100,9.26,overcast clouds,0,0
222,Ampanihy,MG,2021-10-06 20:22:15,-24.7,44.75,62.22,68,0,8.88,clear sky,0,0
223,Qui Nhon,VN,2021-10-06 20:21:35,13.7667,109.2333,75.45,92,100,5.21,heavy intensity rain,0,0
224,Koslan,RU,2021-10-06 20:22:16,63.4564,48.8989,41.59,86,69,8.95,broken clouds,0,0
225,Kimbe,PG,2021-10-06 20:22:16,-5.5502,150.1429,74.98,94,100,3.0,overcast clouds,0,0
226,Vertientes,CU,2021-10-06 20:22:16,21.2594,-78.1464,86.61,56,82,3.76,broken clouds,0,0
227,Havre-Saint-Pierre,CA,2021-10-06 20:22:17,50.2334,-63.5986,57.79,77,1,20.71,clear sky,0,0
228,Geraldton,AU,2021-10-06 20:22:17,-28.7667,114.6,43.21,87,0,5.75,clear sky,0,0
229,Hithadhoo,MV,2021-10-06 20:20:15,-0.6,73.0833,83.68,74,27,12.12,scattered clouds,0,0
230,Bar Harbor,US,2021-10-06 20:22:17,44.3876,-68.2039,73.35,55,1,5.01,clear sky,0,0
231,Matara,LK,2021-10-06 20:22:18,5.9485,80.5353,78.15,90,46,8.48,scattered clouds,0,0
232,Monywa,MM,2021-10-06 20:22:20,22.1167,95.1333,82.02,75,6,0.58,clear sky,0,0
233,Podgornoye,RU,2021-10-06 20:22:20,51.735,39.1496,34.02,75,0,0.0,clear sky,0,0
234,Krasnovishersk,RU,2021-10-06 20:22:21,60.4078,57.082,35.02,95,81,2.13,broken clouds,0,0
235,Da Lat,VN,2021-10-06 20:22:22,11.9465,108.4419,60.85,99,100,3.06,overcast clouds,0,0
236,Bembereke,BJ,2021-10-06 20:22:22,10.2283,2.6634,77.7,71,88,4.99,overcast clouds,0,0
237,Vardo,NO,2021-10-06 20:22:23,70.3705,31.1107,43.0,93,40,2.3,scattered clouds,0,0
238,Burriana,ES,2021-10-06 20:22:24,39.889,-0.085,71.67,69,86,7.74,overcast clouds,0,0
239,Bushehr,IR,2021-10-06 20:22:25,28.9684,50.8385,84.29,79,0,0.0,haze,0,0
240,The Hammocks,US,2021-10-06 20:22:25,25.6715,-80.4445,89.62,74,20,10.36,few clouds,0,0
241,Katsuura,JP,2021-10-06 20:22:25,35.1333,140.3,68.18,78,100,12.66,overcast clouds,0,0
242,Preobrazheniye,RU,2021-10-06 20:22:26,42.9019,133.9064,51.84,68,100,1.25,overcast clouds,0,0
243,Sao Filipe,CV,2021-10-06 20:22:26,14.8961,-24.4956,79.54,77,23,13.15,few clouds,0,0
244,Upernavik,GL,2021-10-06 20:22:26,72.7868,-56.1549,32.31,52,100,3.0,overcast clouds,0,0
245,Nantucket,US,2021-10-06 20:18:30,41.2835,-70.0995,68.02,76,0,10.02,clear sky,0,0
246,Langsa,ID,2021-10-06 20:22:28,4.4683,97.9683,74.8,93,100,4.41,overcast clouds,0,0
247,Kulhudhuffushi,MV,2021-10-06 20:22:28,6.6221,73.07,81.79,79,100,15.43,overcast clouds,0,0
248,Barra Bonita,BR,2021-10-06 20:22:29,-22.4947,-48.5581,95.04,37,63,3.8,broken clouds,0,0
249,Zabid,YE,2021-10-06 20:22:29,14.1951,43.3152,88.92,64,100,7.02,overcast clouds,0,0
250,Jipijapa,EC,2021-10-06 20:22:30,-1.3333,-80.5833,71.1,66,90,9.33,overcast clouds,0,0
251,Suileng,CN,2021-10-06 20:22:30,47.25,127.0833,39.52,67,73,3.29,broken clouds,0,0
252,Kinna,SE,2021-10-06 20:22:30,57.5073,12.6946,55.44,96,2,4.85,clear sky,0,0
253,Barranquilla,CO,2021-10-06 20:22:32,10.9639,-74.7964,87.58,74,40,3.44,scattered clouds,0,0
254,Tocopilla,CL,2021-10-06 20:22:33,-22.092,-70.1979,67.06,61,64,7.54,broken clouds,0,0
255,Saldanha,ZA,2021-10-06 20:22:33,-33.0117,17.9442,68.05,64,0,12.33,clear sky,0,0
256,San Policarpo,PH,2021-10-06 20:20:19,12.1791,125.5072,78.19,89,100,7.96,moderate rain,0,0
257,Ferrol,ES,2021-10-06 20:22:33,43.4832,-8.2369,64.65,81,6,4.5,clear sky,0,0
258,Lebu,CL,2021-10-06 20:22:34,-37.6167,-73.65,58.19,55,0,17.18,clear sky,0,0
259,Acapulco,MX,2021-10-06 20:22:34,16.8634,-99.8901,87.62,70,40,6.91,scattered clouds,0,0
260,Sindou,BF,2021-10-06 20:22:34,10.6667,-5.1667,78.1,74,39,3.91,light rain,0,0
261,Yebaishou,CN,2021-10-06 20:22:35,41.3975,119.6408,43.07,82,9,4.61,clear sky,0,0
262,Bathsheba,BB,2021-10-06 20:22:35,13.2167,-59.5167,83.01,78,75,18.41,broken clouds,0,0
263,Verkhnyaya Sinyachikha,RU,2021-10-06 20:22:35,57.976,61.6673,35.82,94,17,4.97,few clouds,0,0
264,Karasburg,NA,2021-10-06 20:22:37,-28.0167,18.75,70.54,13,0,10.25,clear sky,0,0
265,Brazzaville,CG,2021-10-06 20:22:39,-4.2658,15.2832,86.31,65,100,5.75,overcast clouds,0,0
266,Noumea,NC,2021-10-06 20:20:16,-22.2763,166.4572,75.0,99,87,10.36,overcast clouds,0,0
267,Buala,SB,2021-10-06 20:22:39,-8.145,159.5921,80.89,78,63,5.23,broken clouds,0,0
268,Timbiqui,CO,2021-10-06 20:22:39,2.7717,-77.6654,81.19,79,69,8.84,light rain,0,0
269,Vao,NC,2021-10-06 20:22:41,-22.6667,167.4833,69.84,60,0,17.4,clear sky,0,0
270,Pionerskiy,RU,2021-10-06 20:22:41,54.9508,20.2275,55.24,70,100,10.8,light rain,0,0
271,Chokurdakh,RU,2021-10-06 20:22:41,70.6333,147.9167,19.71,91,100,10.09,overcast clouds,0,0
272,Cidreira,BR,2021-10-06 20:22:42,-30.1811,-50.2056,67.26,72,100,10.09,overcast clouds,0,0
273,College Station,US,2021-10-06 20:21:38,30.628,-96.3344,88.95,36,20,5.75,few clouds,0,0
274,Cabo San Lucas,MX,2021-10-06 20:22:42,22.8909,-109.9124,97.52,52,1,6.91,clear sky,0,0
275,Kharan,PK,2021-10-06 20:22:42,28.5833,65.4167,77.97,14,0,2.86,clear sky,0,0
276,La Reforma,MX,2021-10-06 20:22:43,25.0833,-108.05,101.14,46,0,10.13,clear sky,0,0
277,Taoudenni,ML,2021-10-06 20:22:43,22.6783,-3.9836,96.53,7,5,11.07,clear sky,0,0
278,Oxford,GB,2021-10-06 20:22:44,51.7522,-1.256,55.56,86,0,4.61,clear sky,0,0
279,Zhezkazgan,KZ,2021-10-06 20:22:44,47.8043,67.7144,30.72,65,1,12.03,clear sky,0,0
280,San Angelo,US,2021-10-06 20:22:35,31.4638,-100.437,90.1,33,1,3.0,clear sky,0,0
281,Palana,RU,2021-10-06 20:22:45,59.1167,159.9667,29.57,91,100,11.95,light snow,0,0
282,Ilulissat,GL,2021-10-06 20:22:05,69.2167,-51.1,30.22,59,75,1.14,broken clouds,0,0
283,Bandarbeyla,SO,2021-10-06 20:22:46,9.4942,50.8122,79.32,84,100,21.88,overcast clouds,0,0
284,Yarim,YE,2021-10-06 20:22:46,14.298,44.3779,61.79,43,63,8.28,broken clouds,0,0
285,Mahon,ES,2021-10-06 20:22:46,39.8885,4.2658,64.96,72,75,3.44,broken clouds,0,0
286,Dezful,IR,2021-10-06 20:22:47,32.3811,48.4058,86.4,16,52,4.92,broken clouds,0,0
287,Jining,CN,2021-10-06 20:22:47,35.405,116.5814,54.72,92,100,11.41,overcast clouds,0,0
288,Romny,UA,2021-10-06 20:22:48,50.751,33.4747,40.42,44,3,9.71,clear sky,0,0
289,Los Llanos De Aridane,ES,2021-10-06 20:22:48,28.6585,-17.9182,69.55,87,40,12.66,volcanic ash,0,0
290,Deputatskiy,RU,2021-10-06 20:22:48,69.3,139.9,19.02,93,100,5.55,overcast clouds,0,0
291,Bosaso,SO,2021-10-06 20:22:48,11.2842,49.1816,88.7,60,0,4.34,clear sky,0,0
292,Saint George,US,2021-10-06 20:22:49,37.1041,-113.5841,79.43,36,1,1.01,clear sky,0,0
293,Rudnya,RU,2021-10-06 20:22:50,54.947,31.0934,41.97,77,0,10.0,clear sky,0,0
294,Laguna,US,2021-10-06 20:22:03,38.421,-121.4238,79.14,54,1,7.0,clear sky,0,0
295,Kumluca,TR,2021-10-06 20:22:52,36.3703,30.2869,70.59,40,0,7.43,clear sky,0,0
296,Caravelas,BR,2021-10-06 20:21:17,-17.7125,-39.2481,77.47,74,2,6.64,clear sky,0,0
297,Balta,UA,2021-10-06 20:22:52,47.9355,29.6198,43.54,41,0,7.4,clear sky,0,0
298,Damghan,IR,2021-10-06 20:22:52,36.1683,54.348,61.34,60,70,3.27,broken clouds,0,0
299,Cabra,ES,2021-10-06 20:22:53,37.4725,-4.4421,74.25,40,21,4.83,few clouds,0,0
300,Najran,SA,2021-10-06 20:22:53,17.4924,44.1277,79.45,30,4,2.98,clear sky,0,0
301,Yining,CN,2021-10-06 20:22:53,29.0361,114.5636,65.73,93,53,3.6,broken clouds,0,0
302,Ahuimanu,US,2021-10-06 20:22:54,21.4447,-157.8378,83.91,61,40,14.97,scattered clouds,0,0
303,Beloha,MG,2021-10-06 20:22:54,-25.1667,45.05,62.69,66,0,5.91,clear sky,0,0
304,Coihaique,CL,2021-10-06 20:22:54,-45.5752,-72.0662,56.01,28,0,6.91,clear sky,0,0
305,Ruteng,ID,2021-10-06 20:22:55,-8.6136,120.4721,61.56,93,76,3.8,broken clouds,0,0
306,Coka,RS,2021-10-06 20:22:55,45.9425,20.1433,61.63,40,100,17.18,overcast clouds,0,0
307,Avarua,CK,2021-10-06 20:22:55,-21.2078,-159.775,77.05,69,20,13.8,few clouds,0,0
308,Koratagere,IN,2021-10-06 20:22:57,13.5228,77.2331,73.27,93,94,5.79,overcast clouds,0,0
309,Kavieng,PG,2021-10-06 20:22:57,-2.5744,150.7967,79.57,76,100,1.72,light rain,0,0
310,Daru,PG,2021-10-06 20:22:57,-9.0763,143.2092,77.0,89,100,10.45,overcast clouds,0,0
311,Zhaotong,CN,2021-10-06 20:22:58,27.3167,103.7167,57.52,96,100,3.49,overcast clouds,0,0
312,Waitati,NZ,2021-10-06 20:22:58,-45.75,170.5667,55.81,75,100,3.42,overcast clouds,0,0
313,Plainview,US,2021-10-06 20:22:01,40.7765,-73.4673,71.74,68,90,6.91,overcast clouds,0,0
314,Nyurba,RU,2021-10-06 20:23:00,63.2842,118.3319,29.17,81,100,11.05,overcast clouds,0,0
315,Lata,PT,2021-10-06 20:23:01,40.1629,-8.3327,65.8,75,1,2.13,clear sky,0,0
316,Ponta Do Sol,PT,2021-10-06 20:23:01,32.6667,-17.1,72.23,78,97,4.5,overcast clouds,0,0
317,Luwingu,ZM,2021-10-06 20:23:02,-10.2621,29.9271,75.99,31,9,8.03,clear sky,0,0
318,Sidi Ali,DZ,2021-10-06 20:23:02,36.0998,0.4206,68.04,70,62,9.35,broken clouds,0,0
319,Umm Kaddadah,SD,2021-10-06 20:23:03,13.6017,26.6876,89.38,17,99,8.7,overcast clouds,0,0
320,Moorhead,US,2021-10-06 20:21:53,46.8739,-96.7676,77.99,50,1,11.01,clear sky,0,0
321,Isangel,VU,2021-10-06 20:21:54,-19.55,169.2667,75.31,78,40,11.5,scattered clouds,0,0
322,Sabya,SA,2021-10-06 20:23:06,17.1495,42.6254,91.02,67,42,8.48,scattered clouds,0,0
323,Jackson,US,2021-10-06 20:22:04,42.4165,-122.8345,58.44,55,1,0.0,clear sky,0,0
324,Anchorage,US,2021-10-06 20:19:54,61.2181,-149.9003,47.95,77,90,1.01,light rain,0,0
325,Guangyuan,CN,2021-10-06 20:23:07,32.442,105.823,58.35,90,100,5.46,overcast clouds,0,0
326,Jalu,LY,2021-10-06 20:23:08,29.0331,21.5482,72.5,34,0,5.73,clear sky,0,0
327,Bima,ID,2021-10-06 20:23:10,-8.4667,118.7167,72.1,89,46,4.9,scattered clouds,0,0
328,Ahipara,NZ,2021-10-06 20:23:10,-35.1667,173.1667,59.56,94,100,4.99,light rain,0,0
329,Waipawa,NZ,2021-10-06 20:23:11,-41.4122,175.5153,56.03,83,100,6.51,light rain,0,0
330,Fujinomiya,JP,2021-10-06 20:23:15,35.2167,138.6167,69.17,93,100,2.91,overcast clouds,0,0
331,Tura,IN,2021-10-06 20:23:16,25.5198,90.2201,72.91,88,0,2.44,clear sky,0,0
332,Kisangani,CD,2021-10-06 20:23:17,0.5167,25.2,70.29,98,29,2.84,scattered clouds,0,0
333,Dubrovnik,HR,2021-10-06 20:21:30,42.6481,18.0922,65.84,88,40,8.05,scattered clouds,0,0
334,Hambantota,LK,2021-10-06 20:20:59,6.1241,81.1185,79.48,86,40,13.0,scattered clouds,0,0
335,Santo Estevao,BR,2021-10-06 20:20:38,-12.4303,-39.2514,80.73,51,56,11.68,broken clouds,0,0
336,Ottumwa,US,2021-10-06 20:23:18,41.02,-92.4113,77.68,73,90,11.5,overcast clouds,0,0
337,Orangeburg,US,2021-10-06 20:23:19,33.4918,-80.8557,82.36,91,75,4.61,mist,0,0
338,Tateyama,JP,2021-10-06 20:23:20,34.9833,139.8667,68.09,78,99,12.44,overcast clouds,0,0
339,Severo-Yeniseyskiy,RU,2021-10-06 20:23:22,60.3725,93.0408,28.47,96,100,10.63,snow,0,0
340,Beringovskiy,RU,2021-10-06 20:23:22,63.05,179.3167,32.41,81,97,12.75,overcast clouds,0,0
341,Wanxian,CN,2021-10-06 20:23:22,30.8039,108.3897,69.46,96,100,5.41,light rain,0,0
342,Caldwell,US,2021-10-06 20:18:25,43.6629,-116.6874,70.18,36,1,13.8,clear sky,0,0
343,Mokhsogollokh,RU,2021-10-06 20:23:23,61.4681,128.9203,30.52,95,96,5.39,overcast clouds,0,0
344,Maningrida,AU,2021-10-06 20:23:23,-12.0667,134.2667,75.67,84,62,1.54,broken clouds,0,0
345,Maues,BR,2021-10-06 20:23:23,-3.3836,-57.7186,96.48,35,100,2.8,overcast clouds,0,0
346,Richards Bay,ZA,2021-10-06 20:23:24,-28.783,32.0377,65.61,84,97,3.91,light rain,0,0
347,Jumla,NP,2021-10-06 20:23:24,29.2747,82.1838,54.27,90,6,3.06,clear sky,0,0
348,Fuyang,CN,2021-10-06 20:23:24,32.9,115.8167,55.72,87,84,11.14,broken clouds,0,0
349,Redlands,US,2021-10-06 20:23:25,34.0556,-117.1825,85.1,64,100,1.99,overcast clouds,0,0
350,Malaya Vishera,RU,2021-10-06 20:23:25,58.8454,32.2222,46.44,67,0,10.22,clear sky,0,0
351,Provideniya,RU,2021-10-06 20:23:25,64.3833,-173.3,37.51,87,90,11.18,light rain,0,0
352,Bismil,TR,2021-10-06 20:23:26,37.8486,40.6658,60.53,31,0,4.81,clear sky,0,0
353,General Roca,AR,2021-10-06 20:23:26,-39.0333,-67.5833,61.2,14,0,6.73,clear sky,0,0
354,Inhambane,MZ,2021-10-06 20:23:27,-23.865,35.3833,71.2,73,66,9.26,broken clouds,0,0
355,Pisco,PE,2021-10-06 20:22:38,-13.7,-76.2167,68.05,73,0,10.36,clear sky,0,0
356,Lulea,SE,2021-10-06 20:23:27,65.5842,22.1547,48.27,100,75,11.5,moderate rain,0,0
357,Cap Malheureux,MU,2021-10-06 20:23:28,-19.9842,57.6142,69.48,79,2,4.59,light rain,0,0
358,Bubaque,GW,2021-10-06 20:23:29,11.2833,-15.8333,83.17,76,19,8.72,few clouds,0,0
359,Serebryansk,KZ,2021-10-06 20:23:30,49.6925,83.2892,31.55,94,97,2.93,light snow,0,0
360,Acajutla,SV,2021-10-06 20:23:30,13.5928,-89.8275,93.54,67,98,4.88,overcast clouds,0,0
361,Aasiaat,GL,2021-10-06 20:23:31,68.7098,-52.8699,30.69,77,100,6.98,overcast clouds,0,0
362,Lufilufi,WS,2021-10-06 20:23:31,-13.8745,-171.5986,85.78,79,17,17.76,light rain,0,0
363,Kirakira,SB,2021-10-06 20:23:31,-10.4544,161.9205,80.58,83,98,8.88,overcast clouds,0,0
364,Pahrump,US,2021-10-06 20:23:32,36.2083,-115.9839,80.94,31,52,7.0,broken clouds,0,0
365,Kambove,CD,2021-10-06 20:23:32,-10.8764,26.5969,70.21,51,84,4.27,broken clouds,0,0
366,Trairi,BR,2021-10-06 20:21:18,-3.2778,-39.2689,81.23,74,99,14.41,overcast clouds,0,0
367,Lander,US,2021-10-06 20:23:33,42.833,-108.7307,72.1,40,90,5.75,overcast clouds,0,0
368,Kathu,TH,2021-10-06 20:23:33,7.9178,98.3332,81.7,98,100,19.24,overcast clouds,0,0
369,Owatonna,US,2021-10-06 20:20:14,44.0839,-93.226,76.06,59,75,9.22,broken clouds,0,0
370,Alofi,NU,2021-10-06 20:23:34,-19.0595,-169.9187,78.69,78,75,10.36,broken clouds,0,0
371,Haines Junction,CA,2021-10-06 20:23:34,60.7522,-137.5108,33.75,60,15,2.3,few clouds,0,0
372,Taunggyi,MM,2021-10-06 20:23:35,20.7833,97.0333,61.9,95,87,0.51,overcast clouds,0,0
373,Eydhafushi,MV,2021-10-06 20:23:35,5.1033,73.0708,82.09,78,100,15.39,overcast clouds,0,0
374,Jijiga,ET,2021-10-06 20:23:35,9.35,42.8,67.71,72,28,3.29,scattered clouds,0,0
375,Tiradentes,BR,2021-10-06 20:23:36,-21.1103,-44.1781,72.01,64,97,4.63,overcast clouds,0,0
376,Vanavara,RU,2021-10-06 20:23:36,60.34,102.2797,28.02,89,100,11.07,light snow,0,0
377,Goma,CD,2021-10-06 20:23:36,-1.6792,29.2228,63.25,87,57,2.62,light rain,0,0
378,Itaquyry,PY,2021-10-06 20:23:37,-24.9333,-55.2167,84.42,90,51,3.02,heavy intensity rain,0,0
379,Fort Nelson,CA,2021-10-06 20:23:37,58.8053,-122.7002,35.19,87,90,4.61,light snow,0,0
380,Sibolga,ID,2021-10-06 20:23:37,1.7427,98.7792,75.61,87,100,2.26,overcast clouds,0,0
381,Mount Pleasant,US,2021-10-06 20:21:05,32.7941,-79.8626,78.8,97,1,1.99,clear sky,0,0
382,Port Hawkesbury,CA,2021-10-06 20:23:38,45.6169,-61.3485,65.91,56,1,5.01,clear sky,0,0
383,Bam,IR,2021-10-06 20:23:38,29.106,58.357,79.86,12,11,2.71,few clouds,0,0
384,Urumqi,CN,2021-10-06 20:20:04,43.801,87.6005,34.75,87,90,4.47,overcast clouds,0,0
385,Karakol,KG,2021-10-06 20:23:39,42.4907,78.3936,33.26,98,100,2.37,snow,0,0
386,Menongue,AO,2021-10-06 20:23:40,-14.6585,17.691,66.63,75,100,6.13,overcast clouds,0,0
387,Ukiah,US,2021-10-06 20:23:42,39.1502,-123.2078,73.04,58,1,0.0,clear sky,0,0
388,Dingle,PH,2021-10-06 20:23:42,10.9995,122.6711,75.06,90,90,2.86,overcast clouds,0,0
389,Dunedin,NZ,2021-10-06 20:23:43,-45.8742,170.5036,54.82,78,100,4.29,overcast clouds,0,0
390,Cabinda,AO,2021-10-06 20:23:44,-5.55,12.2,76.77,79,90,7.72,overcast clouds,0,0
391,Alim,PH,2021-10-06 20:23:45,9.5649,122.4876,79.21,82,79,2.98,broken clouds,0,0
392,Mugur-Aksy,RU,2021-10-06 20:23:45,50.35,90.5,25.36,96,100,6.67,snow,0,0
393,Valencia,ES,2021-10-06 20:23:46,39.3333,-0.8333,67.6,77,78,3.15,broken clouds,0,0
394,Singaraja,ID,2021-10-06 20:23:46,-8.112,115.0882,74.97,80,42,6.91,scattered clouds,0,0
395,Nikolsk,RU,2021-10-06 20:23:47,53.7189,46.0712,34.88,74,27,4.9,scattered clouds,0,0
396,Tessalit,ML,2021-10-06 20:22:35,20.1986,1.0114,91.76,9,77,7.45,broken clouds,0,0
397,Kyrylivka,UA,2021-10-06 20:23:47,46.3759,35.3675,54.5,58,51,28.03,broken clouds,0,0
398,Ozernovskiy,RU,2021-10-06 20:23:48,51.5,156.5167,44.02,66,27,12.64,scattered clouds,0,0
399,Batagay-Alyta,RU,2021-10-06 20:23:49,67.8006,130.4114,24.17,69,100,4.72,overcast clouds,0,0
400,Maltahohe,NA,2021-10-06 20:23:49,-24.8333,16.9833,66.11,17,0,10.04,clear sky,0,0
401,Souillac,MU,2021-10-06 20:23:50,-20.5167,57.5167,69.37,94,75,3.44,light intensity shower rain,0,0
402,Santa Vitoria Do Palmar,BR,2021-10-06 20:23:50,-33.5189,-53.3681,55.92,67,83,17.58,broken clouds,0,0
403,Santana Do Mundau,BR,2021-10-06 20:23:51,-9.1681,-36.2222,78.78,72,87,10.33,overcast clouds,0,0
404,Borba,BR,2021-10-06 20:23:51,-4.3878,-59.5939,98.26,30,100,2.33,overcast clouds,0,0
405,Pacific Grove,US,2021-10-06 20:23:51,36.6177,-121.9166,73.58,82,1,5.99,clear sky,0,0
406,Gat,IL,2021-10-06 20:23:52,31.61,34.7642,72.81,61,0,5.91,clear sky,0,0
407,Lithakia,GR,2021-10-06 20:23:52,37.7167,20.8333,72.59,84,100,10.11,overcast clouds,0,0
408,Poum,NC,2021-10-06 20:23:52,-20.2333,164.0167,73.44,73,0,12.19,clear sky,0,0
409,Sokoni,TZ,2021-10-06 20:23:53,-6.4333,39.55,76.86,77,64,12.91,broken clouds,0,0
410,Urengoy,RU,2021-10-06 20:23:53,65.9667,78.3667,43.21,84,100,21.16,light rain,0,0
411,Sterling,US,2021-10-06 20:19:26,39.0062,-77.4286,72.23,92,90,5.99,mist,0,0
412,Hurghada,EG,2021-10-06 20:22:27,27.2574,33.8129,78.84,36,0,9.22,clear sky,0,0
413,Joppatowne,US,2021-10-06 20:23:54,39.4579,-76.3552,74.3,81,75,1.99,broken clouds,0,0
414,Hornepayne,CA,2021-10-06 20:23:54,49.2138,-84.7705,69.76,48,0,8.61,clear sky,0,0
415,Pangnirtung,CA,2021-10-06 20:23:55,66.1451,-65.7125,41.0,70,75,9.22,broken clouds,0,0
416,Krasnoselkup,RU,2021-10-06 20:23:55,65.7,82.4667,39.15,91,100,17.43,overcast clouds,0,0
417,Tara,RU,2021-10-06 20:23:55,56.8944,74.371,34.99,97,100,6.73,overcast clouds,0,0
418,Mezen,RU,2021-10-06 20:23:56,65.8522,44.24,45.95,77,81,10.22,light rain,0,0
419,Correntina,BR,2021-10-06 20:23:56,-13.3433,-44.6367,97.43,15,54,8.52,broken clouds,0,0
420,Sioux Lookout,CA,2021-10-06 20:23:56,50.1001,-91.917,73.78,60,40,11.5,scattered clouds,0,0
421,Rundu,NA,2021-10-06 20:23:57,-17.9333,19.7667,73.85,56,100,5.06,overcast clouds,0,0
422,Srisailam,IN,2021-10-06 20:23:57,16.0833,78.8667,72.59,98,90,3.91,overcast clouds,0,0
423,Albino,IT,2021-10-06 20:23:57,45.7638,9.7964,55.45,96,20,3.44,few clouds,0,0
424,San Vicente,AR,2021-10-06 20:23:58,-26.6167,-54.1333,69.87,98,99,4.29,overcast clouds,0,0
425,Chaman,PK,2021-10-06 20:23:58,30.9236,66.4512,63.7,11,0,0.49,clear sky,0,0
426,Tshikapa,CD,2021-10-06 20:23:58,-6.4167,20.8,73.06,85,100,2.84,overcast clouds,0,0
427,Conde,BR,2021-10-06 20:19:42,-7.2597,-34.9075,80.06,78,20,16.11,few clouds,0,0
428,Corpus Christi,US,2021-10-06 20:19:30,27.8006,-97.3964,90.21,47,20,7.0,few clouds,0,0
429,Estelle,US,2021-10-06 20:24:01,29.8458,-90.1067,85.05,62,75,9.22,broken clouds,0,0
430,Guadalajara,MX,2021-10-06 20:21:34,20.6667,-103.3333,78.98,56,75,1.99,broken clouds,0,0
431,Hamilton,US,2021-10-06 20:21:15,39.1834,-84.5333,79.59,73,1,1.01,clear sky,0,0
432,Abu Samrah,SY,2021-10-06 20:24:02,35.3029,37.1841,67.1,23,0,5.7,clear sky,0,0
433,Abu Dhabi,AE,2021-10-06 20:24:03,24.4667,54.3667,89.62,70,0,4.61,clear sky,0,0
434,Verkhnechusovskiye Gorodki,RU,2021-10-06 20:24:03,58.1671,57.1086,37.15,95,15,3.94,few clouds,0,0
435,Pilar,BR,2021-10-06 20:24:03,-9.5972,-35.9567,80.53,73,22,7.63,few clouds,0,0
436,Andrushivka,UA,2021-10-06 20:24:04,50.0229,29.0202,43.75,41,0,11.68,clear sky,0,0
437,Alice Springs,AU,2021-10-06 20:19:48,-23.7,133.8833,60.35,88,40,6.91,scattered clouds,0,0
438,Balkhash,KZ,2021-10-06 20:24:05,46.844,74.9804,34.48,62,0,13.82,clear sky,0,0
439,Manokwari,ID,2021-10-06 20:24:06,-0.8667,134.0833,78.13,77,100,1.99,overcast clouds,0,0
440,Zhangye,CN,2021-10-06 20:24:06,38.9342,100.4517,55.83,39,18,2.21,few clouds,0,0
441,Tautira,PF,2021-10-06 20:24:06,-17.7333,-149.15,80.62,78,55,10.92,broken clouds,0,0
442,Port Lincoln,AU,2021-10-06 20:24:07,-34.7333,135.8667,49.5,64,8,7.38,clear sky,0,0
443,Byron Bay,AU,2021-10-06 20:20:58,-28.65,153.6167,60.75,76,6,5.12,clear sky,0,0
444,Tananger,NO,2021-10-06 20:24:07,58.9333,5.6,53.74,85,75,3.44,broken clouds,0,0
445,Bilma,NE,2021-10-06 20:24:07,18.6853,12.9164,83.77,14,0,3.6,clear sky,0,0
446,Faanui,PF,2021-10-06 20:24:08,-16.4833,-151.75,78.53,68,0,12.35,clear sky,0,0
447,Kruisfontein,ZA,2021-10-06 20:24:08,-34.0033,24.7314,61.88,93,22,11.61,few clouds,0,0
448,Waverley,ZA,2021-10-06 20:24:09,-25.7023,28.2591,67.53,59,2,6.91,clear sky,0,0
449,Teknaf,BD,2021-10-06 20:24:10,20.8624,92.3058,79.07,87,41,3.11,scattered clouds,0,0
450,Udachnyy,RU,2021-10-06 20:24:10,66.4167,112.4,28.92,91,100,12.15,overcast clouds,0,0
451,Lloydminster,CA,2021-10-06 20:24:11,53.2835,-110.0016,50.22,53,90,9.22,smoke,0,0
452,Uruzgan,AF,2021-10-06 20:24:12,32.8333,66.0,58.51,17,0,0.69,clear sky,0,0
453,Murupara,NZ,2021-10-06 20:24:12,-38.4667,176.7,60.28,98,100,3.58,overcast clouds,0,0
454,Havoysund,NO,2021-10-06 20:24:12,70.9963,24.6622,41.88,64,100,18.79,overcast clouds,0,0
455,Vestmannaeyjar,IS,2021-10-06 20:24:13,63.4427,-20.2734,43.09,77,100,22.5,overcast clouds,0,0
456,Abashiri,JP,2021-10-06 20:24:13,44.0213,144.2697,42.94,70,100,4.03,overcast clouds,0,0
457,Colombo,LK,2021-10-06 20:24:14,6.9319,79.8478,76.95,87,56,11.14,broken clouds,0,0
458,Padang,ID,2021-10-06 20:24:14,-0.9492,100.3543,77.16,84,100,2.48,overcast clouds,0,0
459,Xining,CN,2021-10-06 20:20:31,36.6167,101.7667,47.95,85,81,1.95,broken clouds,0,0
460,Kemptville,CA,2021-10-06 20:24:15,45.0168,-75.641,73.53,57,7,1.14,clear sky,0,0
461,Verkhoyansk,RU,2021-10-06 20:24:15,67.5447,133.385,29.7,58,100,12.55,overcast clouds,0,0
462,San Quintin,MX,2021-10-06 20:24:16,30.4833,-115.95,72.77,67,57,15.9,broken clouds,0,0
463,Pimenta Bueno,BR,2021-10-06 20:24:16,-11.6725,-61.1936,89.08,51,100,1.61,overcast clouds,0,0
464,Maarianhamina,AX,2021-10-06 20:24:17,60.0973,19.9348,55.26,94,90,14.97,overcast clouds,0,0
465,Tucupita,VE,2021-10-06 20:24:17,9.0622,-62.051,82.85,81,33,5.79,scattered clouds,0,0
466,Naustdal,NO,2021-10-06 20:24:17,61.509,5.7168,51.12,92,75,2.3,fog,0,0
467,Bonthe,SL,2021-10-06 20:24:18,7.5264,-12.505,79.65,83,59,6.17,broken clouds,0,0
468,Namatanai,PG,2021-10-06 20:24:18,-3.6667,152.4333,77.52,83,100,3.0,overcast clouds,0,0
469,Henties Bay,NA,2021-10-06 20:22:17,-22.116,14.2845,55.85,87,1,2.68,clear sky,0,0
470,Argelia,CO,2021-10-06 20:24:19,2.2556,-77.2488,76.37,76,55,1.01,moderate rain,0,0
471,Luderitz,NA,2021-10-06 20:24:19,-26.6481,15.1594,60.62,63,0,2.51,clear sky,0,0
472,Diamantino,BR,2021-10-06 20:24:19,-14.4086,-56.4461,93.02,39,68,7.38,broken clouds,0,0
473,Nome,US,2021-10-06 20:20:40,64.5011,-165.4064,39.27,87,90,13.8,light rain,0,0
474,Kirillov,RU,2021-10-06 20:24:20,59.863,38.3813,33.73,92,9,6.02,clear sky,0,0
475,Moranbah,AU,2021-10-06 20:24:21,-22.0016,148.0466,63.99,83,3,2.84,clear sky,0,0
476,Moree,AU,2021-10-06 20:24:21,-29.4667,149.85,48.22,71,82,8.05,broken clouds,0,0
477,Rosetta,EG,2021-10-06 20:24:21,31.4044,30.4164,75.02,65,0,6.2,clear sky,0,0
478,Lukovetskiy,RU,2021-10-06 20:24:22,64.2956,41.9211,51.78,82,100,9.91,light rain,0,0
479,Omaruru,NA,2021-10-06 20:24:22,-21.4333,15.9333,67.87,25,0,5.21,clear sky,0,0
480,Taguatinga,BR,2021-10-06 20:24:23,-12.3857,-46.5711,103.14,11,50,4.18,scattered clouds,0,0
481,Talaya,RU,2021-10-06 20:24:23,61.3833,152.75,0.82,96,53,1.36,broken clouds,0,0
482,Pozo Colorado,PY,2021-10-06 20:24:25,-23.4923,-58.7972,86.94,50,100,5.75,overcast clouds,0,0
483,Samarai,PG,2021-10-06 20:24:26,-10.6167,150.6667,79.41,84,77,6.96,broken clouds,0,0
484,Nuevo Progreso,MX,2021-10-06 20:24:26,23.1667,-97.95,88.59,37,0,5.99,clear sky,0,0
485,Xinyu,CN,2021-10-06 20:24:27,27.8043,114.9334,74.53,73,81,4.65,light rain,0,0
486,Polyarnyy,RU,2021-10-06 20:24:27,69.1989,33.4478,48.67,90,100,8.57,light rain,0,0
487,Bucerias,MX,2021-10-06 20:21:56,20.75,-105.3333,89.98,66,20,6.91,few clouds,0,0
488,Port Blair,IN,2021-10-06 20:24:30,11.6667,92.75,80.76,83,100,12.06,overcast clouds,0,0
489,Sao Joao Da Barra,BR,2021-10-06 20:23:18,-21.6403,-41.0511,75.29,81,90,10.0,overcast clouds,0,0
490,Tlapacoyan,MX,2021-10-06 20:24:32,19.9667,-97.2167,81.0,61,12,5.93,few clouds,0,0
491,Novikovo,RU,2021-10-06 20:24:33,51.1537,37.8879,39.49,48,21,8.43,few clouds,0,0
492,Beidao,CN,2021-10-06 20:24:33,34.5686,105.8933,49.87,94,96,2.84,overcast clouds,0,0
493,Hovd,MN,2021-10-06 20:24:33,48.0056,91.6419,39.74,41,0,10.96,clear sky,0,0
494,Beroroha,MG,2021-10-06 20:24:34,-21.6667,45.1667,74.73,39,0,7.36,clear sky,0,0
495,Urucara,BR,2021-10-06 20:24:35,-2.5364,-57.76,94.93,35,100,2.53,overcast clouds,0,0
496,Saint-Paul,RE,2021-10-06 20:24:35,-21.0096,55.2707,69.91,81,1,3.85,clear sky,0,0
497,Ribeira Grande,PT,2021-10-06 20:20:44,38.5167,-28.7,72.0,94,75,9.22,broken clouds,0,0
498,Maraba,BR,2021-10-06 20:24:37,-5.3686,-49.1178,93.38,52,0,4.61,clear sky,0,0
499,Nong Bua,TH,2021-10-06 20:24:38,15.8646,100.5858,76.35,93,100,1.9,light rain,0,0
500,Sabang,ID,2021-10-06 20:24:38,5.8933,95.3214,81.14,76,100,12.59,moderate rain,0,0
501,Honningsvag,NO,2021-10-06 20:24:38,70.9821,25.9704,44.76,69,100,18.43,overcast clouds,0,0
502,Vasto,IT,2021-10-06 20:24:39,42.1243,14.7059,62.46,81,83,5.23,broken clouds,0,0
503,Clyde River,CA,2021-10-06 20:24:39,70.4692,-68.5914,34.03,100,90,5.75,light intensity drizzle,0,0
504,Yangambi,CD,2021-10-06 20:24:40,0.8102,24.4336,71.67,93,92,2.64,light rain,0,0
505,Big Spring,US,2021-10-06 20:24:40,32.2504,-101.4787,86.45,28,1,5.01,clear sky,0,0
506,Barra Patuca,HN,2021-10-06 20:24:40,15.8,-84.2833,78.84,89,100,8.99,overcast clouds,0,0
507,Abbeville,FR,2021-10-06 20:24:41,50.1,1.8333,57.49,90,33,7.83,scattered clouds,0,0
508,Mitu,CO,2021-10-06 20:24:41,1.1983,-70.1733,81.86,87,100,2.93,overcast clouds,0,0
509,Yaan,NG,2021-10-06 20:24:42,7.3833,8.5667,77.45,83,95,5.48,overcast clouds,0,0
510,Eucaliptus,BO,2021-10-06 20:24:42,-17.5833,-67.5167,56.62,46,100,10.22,overcast clouds,0,0
511,Cockburn Town,TC,2021-10-06 20:24:44,21.4612,-71.1419,85.96,66,40,17.27,scattered clouds,0,0
512,Dawei,MM,2021-10-06 20:24:44,14.0833,98.2,75.76,95,100,2.53,moderate rain,0,0
513,Sydney Mines,CA,2021-10-06 20:24:44,46.2367,-60.2177,65.17,57,40,5.99,scattered clouds,0,0
514,Celestun,MX,2021-10-06 20:24:46,20.8667,-90.4,83.01,73,54,9.4,broken clouds,0,0
515,Coahuayana,MX,2021-10-06 20:24:47,18.7333,-103.6833,90.88,60,9,5.28,clear sky,0,0
516,Kingman,US,2021-10-06 20:24:47,35.1894,-114.053,78.3,38,1,4.0,clear sky,0,0
517,Little Current,CA,2021-10-06 20:24:47,45.9793,-81.9248,66.29,66,0,5.06,clear sky,0,0
518,Ous,RU,2021-10-06 20:24:48,60.9058,61.5186,38.35,83,45,7.67,scattered clouds,0,0
519,Sofia,BG,2021-10-06 20:24:48,42.6975,23.3242,54.61,66,0,9.22,clear sky,0,0
520,Sabla,NG,2021-10-06 20:24:49,12.7525,4.7077,88.81,36,64,6.67,broken clouds,0,0
521,Vostok,RU,2021-10-06 20:24:49,46.4856,135.8833,36.27,78,100,4.52,overcast clouds,0,0
522,Mamallapuram,IN,2021-10-06 20:24:49,12.6264,80.1722,82.45,82,31,11.1,scattered clouds,0,0
523,Ballina,AU,2021-10-06 20:24:49,-28.8667,153.5667,54.79,100,21,2.3,few clouds,0,0
524,Dzaoudzi,YT,2021-10-06 20:24:50,-12.7887,45.2699,78.69,78,75,5.75,broken clouds,0,0
525,Mount Isa,AU,2021-10-06 20:24:50,-20.7333,139.5,65.97,42,12,0.0,few clouds,0,0
526,Makakilo City,US,2021-10-06 20:24:50,21.3469,-158.0858,82.72,53,20,10.36,few clouds,0,0
527,Nova Olimpia,BR,2021-10-06 20:24:51,-14.7972,-57.2881,95.43,34,98,6.33,overcast clouds,0,0
528,Aksha,RU,2021-10-06 20:24:51,50.2814,113.2867,36.55,83,81,2.82,broken clouds,0,0
529,Peniche,PT,2021-10-06 20:24:52,39.3558,-9.3811,74.68,85,79,10.51,broken clouds,0,0
530,Gamba,GA,2021-10-06 20:24:52,-2.65,10.0,75.42,81,100,7.09,overcast clouds,0,0
531,Constantine,DZ,2021-10-06 20:24:53,36.365,6.6147,63.81,72,40,6.91,scattered clouds,0,0
532,Sarana,RU,2021-10-06 20:24:53,56.4773,57.7259,33.4,93,15,3.49,few clouds,0,0
533,Kiunga,PG,2021-10-06 20:24:54,-6.1219,141.2906,72.14,98,100,0.78,overcast clouds,0,0
534,Mutare,ZW,2021-10-06 20:24:54,-18.9707,32.6709,65.16,69,0,5.28,clear sky,0,0
535,Vidim,RU,2021-10-06 20:24:55,56.4088,103.1106,27.25,81,28,3.69,scattered clouds,0,0
536,Mecca,SA,2021-10-06 20:24:56,21.4267,39.8261,86.58,43,6,5.01,clear sky,0,0
537,San Benito,US,2021-10-06 20:24:57,36.6166,-121.0844,66.15,57,100,5.28,overcast clouds,0,0
538,Bokoro,TD,2021-10-06 20:24:57,12.3807,17.0568,87.78,22,7,2.82,clear sky,0,0
539,Coruripe,BR,2021-10-06 20:24:59,-10.1256,-36.1756,77.86,73,40,9.01,scattered clouds,0,0
540,Santiago Del Estero,AR,2021-10-06 20:24:59,-27.7951,-64.2615,65.8,32,100,19.28,overcast clouds,0,0
541,Maragogi,BR,2021-10-06 20:25:00,-9.0122,-35.2225,77.23,80,53,9.31,broken clouds,0,0
542,Zanjan,IR,2021-10-06 20:25:00,36.6736,48.4787,48.06,84,65,10.71,broken clouds,0,0
543,Tilichiki,RU,2021-10-06 20:25:00,60.4667,166.1,26.31,89,100,9.69,light snow,0,0
544,Pangai,TO,2021-10-06 20:25:02,-19.8,-174.35,80.71,69,40,13.8,scattered clouds,0,0
545,Mago,RU,2021-10-06 20:25:03,53.2514,140.1822,29.48,85,19,3.02,few clouds,0,0
546,Gasa,PS,2021-10-06 20:20:09,31.5,34.4667,73.9,61,0,8.25,clear sky,0,0
547,Gimli,CA,2021-10-06 20:25:03,50.6336,-96.9907,83.43,60,89,12.66,overcast clouds,0,0
548,Kijang,KR,2021-10-06 20:25:04,35.2442,129.2139,67.73,81,9,2.84,clear sky,0,0
549,Itarema,BR,2021-10-06 20:25:04,-2.9248,-39.9167,81.36,75,94,17.96,overcast clouds,0,0
550,Ossora,RU,2021-10-06 20:25:05,59.2353,163.0719,34.07,70,100,3.94,overcast clouds,0,0
551,Ngunguru,NZ,2021-10-06 20:25:05,-35.6167,174.5,62.17,91,100,13.38,overcast clouds,0,0
552,Gladstone,AU,2021-10-06 20:25:06,-23.85,151.25,61.79,82,0,4.61,clear sky,0,0
